ประทับเวลา,AccX ,AccY,AccZ,GyrX,GyrY,GyrZ,Temperature
"12/1/2023, 15:17:17",0,,,,,,
"12/1/2023, 15:17:17",,,,,,0,
"12/1/2023, 15:17:17",,,0,,,,
"12/1/2023, 15:17:17",,,,,0,,
"12/1/2023, 15:17:17",,,,0,,,
"12/1/2023, 15:17:17",,0,,,,,
"12/1/2023, 15:17:17",,,,,,,36.53
"12/1/2023, 15:17:18",,,,,,,31.78
"12/1/2023, 15:17:18",,,,-475,,,
"12/1/2023, 15:17:18",,,,,-39,,
"12/1/2023, 15:17:18",,,20144,,,,
"12/1/2023, 15:17:18",868,,,,,,
"12/1/2023, 15:17:18",,,,,,68,
"12/1/2023, 15:17:18",,116,,,,,
"12/1/2023, 15:17:19",,,,,,59,
"12/1/2023, 15:17:19",,,20040,,,,
"12/1/2023, 15:17:19",760,,,,,,
"12/1/2023, 15:17:19",,,,,-55,,
"12/1/2023, 15:17:19",,196,,,,,
"12/1/2023, 15:17:19",,,,,,,31.87
"12/1/2023, 15:17:19",,,,-478,,,
"12/1/2023, 15:17:20",,,19988,,,,
"12/1/2023, 15:17:20",,,,,,,31.97
"12/1/2023, 15:17:20",,164,,,,,
"12/1/2023, 15:17:20",,,,,,62,
"12/1/2023, 15:17:20",,,,,-73,,
"12/1/2023, 15:17:20",760,,,,,,
"12/1/2023, 15:17:20",,,,-487,,,
"12/1/2023, 15:17:21",,,,,-63,,
"12/1/2023, 15:17:21",,136,,,,,
"12/1/2023, 15:17:21",,,,,,,31.92
"12/1/2023, 15:17:21",752,,,,,,
"12/1/2023, 15:17:21",,,,,,50,
"12/1/2023, 15:17:21",,,,-488,,,
"12/1/2023, 15:17:21",,,20012,,,,
"12/1/2023, 15:17:22",,,,-480,,,
"12/1/2023, 15:17:22",,,,,,,32.06
"12/1/2023, 15:17:22",744,,,,,,
"12/1/2023, 15:17:22",,180,,,,,
"12/1/2023, 15:17:22",,,,,-54,,
"12/1/2023, 15:17:22",,,20008,,,,
"12/1/2023, 15:17:22",,,,,,61,
"12/1/2023, 15:17:23",,120,,,,,
"12/1/2023, 15:17:23",,,,,,,32.11
"12/1/2023, 15:17:23",,,,,-69,,
"12/1/2023, 15:17:23",,,,-497,,,
"12/1/2023, 15:17:23",728,,,,,,
"12/1/2023, 15:17:23",,,,,,65,
"12/1/2023, 15:17:23",,,20100,,,,
"12/1/2023, 15:17:24",,,,,,,32.11
"12/1/2023, 15:17:24",,,,,-41,,
"12/1/2023, 15:17:24",,,20040,,,,
"12/1/2023, 15:17:24",,,,,,57,
"12/1/2023, 15:17:24",,,,-482,,,
"12/1/2023, 15:17:24",784,,,,,,
"12/1/2023, 15:17:24",,200,,,,,
"12/1/2023, 15:17:25",,,,,,39,
"12/1/2023, 15:17:25",692,,,,,,
"12/1/2023, 15:17:25",,,,-501,,,
"12/1/2023, 15:17:25",,,20056,,,,
"12/1/2023, 15:17:25",,164,,,,,
"12/1/2023, 15:17:25",,,,,-40,,
"12/1/2023, 15:17:25",,,,,,,32.11
"12/1/2023, 15:17:26",,,20076,,,,
"12/1/2023, 15:17:26",,232,,,,,
"12/1/2023, 15:17:26",,,,-492,,,
"12/1/2023, 15:17:26",,,,,-58,,
"12/1/2023, 15:17:26",796,,,,,,
"12/1/2023, 15:17:26",,,,,,,32.15
"12/1/2023, 15:17:26",,,,,,38,
"12/1/2023, 15:17:27",,,,,,,32.15
"12/1/2023, 15:17:27",,,,,23,,
"12/1/2023, 15:17:27",920,,,,,,
"12/1/2023, 15:17:27",,,,,,41,
"12/1/2023, 15:17:27",,,20068,,,,
"12/1/2023, 15:17:27",,164,,,,,
"12/1/2023, 15:17:27",,,,-471,,,
"12/1/2023, 15:17:28",,,,,,1318,
"12/1/2023, 15:17:28",,484,,,,,
"12/1/2023, 15:17:28",,,,,7456,,
"12/1/2023, 15:17:28",,,19676,,,,
"12/1/2023, 15:17:28",,,,,,,32.25
"12/1/2023, 15:17:28",-4212,,,,,,
"12/1/2023, 15:17:28",,,,-833,,,
"12/1/2023, 15:17:29",-16132,,,,,,
"12/1/2023, 15:17:29",,780,,,,,
"12/1/2023, 15:17:29",,,,,870,,
"12/1/2023, 15:17:29",,,,,,,32.2
"12/1/2023, 15:17:29",,,3240,,,,
"12/1/2023, 15:17:29",,,,49,,,
"12/1/2023, 15:17:29",,,,,,117,
"12/1/2023, 15:17:30",,516,,,,,
"12/1/2023, 15:17:30",,,,,,-20,
"12/1/2023, 15:17:30",,,,,,,32.34
"12/1/2023, 15:17:30",,,4112,,,,
"12/1/2023, 15:17:30",,,,,-999,,
"12/1/2023, 15:17:30",,,,-495,,,
"12/1/2023, 15:17:30",-15892,,,,,,
"12/1/2023, 15:17:31",-15824,,,,,,
"12/1/2023, 15:17:31",,,,,,55,
"12/1/2023, 15:17:31",,,,,92,,
"12/1/2023, 15:17:31",,,4424,,,,
"12/1/2023, 15:17:31",,392,,,,,
"12/1/2023, 15:17:31",,,,-483,,,
"12/1/2023, 15:17:31",,,,,,,32.2
"12/1/2023, 15:17:32",,,,-478,,,
"12/1/2023, 15:17:32",,392,,,,,
"12/1/2023, 15:17:32",-15800,,,,,,
"12/1/2023, 15:17:32",,,,,,36,
"12/1/2023, 15:17:32",,,4560,,,,
"12/1/2023, 15:17:32",,,,,,,32.29
"12/1/2023, 15:17:32",,,,,-7,,
"12/1/2023, 15:17:33",,,,,,,32.2
"12/1/2023, 15:17:33",,,,-504,,,
"12/1/2023, 15:17:33",,,,,-66,,
"12/1/2023, 15:17:33",,,,,,40,
"12/1/2023, 15:17:33",-15840,,,,,,
"12/1/2023, 15:17:33",,448,,,,,
"12/1/2023, 15:17:33",,,4600,,,,
"12/1/2023, 15:17:34",-15780,,,,,,
"12/1/2023, 15:17:34",,,,,,26,
"12/1/2023, 15:17:34",,,4524,,,,
"12/1/2023, 15:17:34",,,,,-151,,
"12/1/2023, 15:17:34",,564,,,,,
"12/1/2023, 15:17:34",,,,,,,32.25
"12/1/2023, 15:17:34",,,,-470,,,
"12/1/2023, 15:17:35",,,,,,,32.2
"12/1/2023, 15:17:35",,,4596,,,,
"12/1/2023, 15:17:35",-15804,,,,,,
"12/1/2023, 15:17:35",,,,-487,,,
"12/1/2023, 15:17:35",,,,,-69,,
"12/1/2023, 15:17:35",,384,,,,,
"12/1/2023, 15:17:35",,,,,,72,
"12/1/2023, 15:17:36",,,,-506,,,
"12/1/2023, 15:17:36",,472,,,,,
"12/1/2023, 15:17:36",,,,,-62,,
"12/1/2023, 15:17:36",,,,,,46,
"12/1/2023, 15:17:36",-15856,,,,,,
"12/1/2023, 15:17:36",,,4652,,,,
"12/1/2023, 15:17:36",,,,,,,32.29
"12/1/2023, 15:17:37",-15776,,,,,,
"12/1/2023, 15:17:37",,,,,,62,
"12/1/2023, 15:17:37",,920,,,,,
"12/1/2023, 15:17:37",,,,,218,,
"12/1/2023, 15:17:37",,,,,,,32.29
"12/1/2023, 15:17:37",,,4204,,,,
"12/1/2023, 15:17:38",,,,,-171,,
"12/1/2023, 15:17:38",,,,,,,32.29
"12/1/2023, 15:17:38",,512,,,,,
"12/1/2023, 15:17:38",,,4428,,,,
"12/1/2023, 15:17:38",,,,-503,,,
"12/1/2023, 15:17:38",,,,,,50,
"12/1/2023, 15:17:38",-15936,,,,,,
"12/1/2023, 15:17:38",,,,-489,,,
"12/1/2023, 15:17:39",,,,-490,,,
"12/1/2023, 15:17:39",,,,,-118,,
"12/1/2023, 15:17:39",,532,,,,,
"12/1/2023, 15:17:39",-15740,,,,,,
"12/1/2023, 15:17:39",,,,,,,32.34
"12/1/2023, 15:17:39",,,4564,,,,
"12/1/2023, 15:17:39",,,,,,33,
"12/1/2023, 15:17:40",,,8248,,,,
"12/1/2023, 15:17:40",-14984,,,,,,
"12/1/2023, 15:17:40",,,,,,-225,
"12/1/2023, 15:17:40",,,,,,,32.48
"12/1/2023, 15:17:40",,416,,,,,
"12/1/2023, 15:17:40",,,,-507,,,
"12/1/2023, 15:17:40",,,,,-8664,,
"12/1/2023, 15:17:41",1780,,,,,,
"12/1/2023, 15:17:41",,,,-537,,,
"12/1/2023, 15:17:41",,,,,,83,
"12/1/2023, 15:17:41",,,,,-245,,
"12/1/2023, 15:17:41",,,,,,,32.34
"12/1/2023, 15:17:41",,-204,,,,,
"12/1/2023, 15:17:41",,,20320,,,,
"12/1/2023, 15:18:26",,,0,,,,
"12/1/2023, 15:18:26",0,,,,,,
"12/1/2023, 15:18:26",,0,,,,,
"12/1/2023, 15:18:26",,,,,,0,
"12/1/2023, 15:18:27",,,,,0,,
"12/1/2023, 15:18:27",,,,,,,36.53
"12/1/2023, 15:18:27",,,,0,,,
"12/1/2023, 15:18:27",,,,,,58,
"12/1/2023, 15:18:27",,196,,,,,
"12/1/2023, 15:18:27",,,19976,,,,
"12/1/2023, 15:18:27",728,,,,,,
"12/1/2023, 15:18:27",,,,,,,32.01
"12/1/2023, 15:18:27",,,,,-64,,
"12/1/2023, 15:18:27",,,,-487,,,
"12/1/2023, 15:18:28",,80,,,,,
"12/1/2023, 15:18:28",,,19984,,,,
"12/1/2023, 15:18:28",720,,,,,,
"12/1/2023, 15:18:28",,,,-489,,,
"12/1/2023, 15:18:28",,,,,,,32.11
"12/1/2023, 15:18:28",,,,,,51,
"12/1/2023, 15:18:28",,,,,-76,,
"12/1/2023, 15:18:29",,,20036,,,,
"12/1/2023, 15:18:29",,,,,,55,
"12/1/2023, 15:18:29",,,,-482,,,
"12/1/2023, 15:18:29",,224,,,,,
"12/1/2023, 15:18:29",760,,,,,,
"12/1/2023, 15:18:29",,,,,-46,,
"12/1/2023, 15:18:29",,,,,,,32.01
"12/1/2023, 15:18:30",,,,-504,,,
"12/1/2023, 15:18:30",,92,,,,,
"12/1/2023, 15:18:30",720,,,,,,
"12/1/2023, 15:18:30",,,,,,,32.2
"12/1/2023, 15:18:30",,,,,-72,,
"12/1/2023, 15:18:30",,,,,,64,
"12/1/2023, 15:18:30",,,19976,,,,
"12/1/2023, 15:18:31",,,,-487,,,
"12/1/2023, 15:18:31",,28,,,,,
"12/1/2023, 15:18:31",,,20004,,,,
"12/1/2023, 15:18:31",856,,,,,,
"12/1/2023, 15:18:31",,,,,-46,,
"12/1/2023, 15:18:31",,,,,,,32.29
"12/1/2023, 15:18:31",,,,,,55,
"12/1/2023, 15:18:32",,156,,,,,
"12/1/2023, 15:18:32",,,,,,,32.29
"12/1/2023, 15:18:32",,,,-500,,,
"12/1/2023, 15:18:32",,,,,-87,,
"12/1/2023, 15:18:32",,,20044,,,,
"12/1/2023, 15:18:32",,,,,,54,
"12/1/2023, 15:18:32",736,,,,,,
"12/1/2023, 15:18:33",,,19976,,,,
"12/1/2023, 15:18:33",,,,,,42,
"12/1/2023, 15:18:33",,,,-486,,,
"12/1/2023, 15:18:33",,,,,,,32.34
"12/1/2023, 15:18:33",768,,,,,,
"12/1/2023, 15:18:33",,,,,-37,,
"12/1/2023, 15:18:33",,124,,,,,
"12/1/2023, 15:18:34",,,,,-72,,
"12/1/2023, 15:18:34",,,,,,64,
"12/1/2023, 15:18:34",,196,,,,,
"12/1/2023, 15:18:34",,,,-496,,,
"12/1/2023, 15:18:34",,,19856,,,,
"12/1/2023, 15:18:34",660,,,,,,
"12/1/2023, 15:18:34",,,,,,,32.34
"12/1/2023, 15:18:35",,152,,,,,
"12/1/2023, 15:18:35",,,,-332,,,
"12/1/2023, 15:18:35",,,,,,64,
"12/1/2023, 15:18:35",,,,,198,,
"12/1/2023, 15:18:35",756,,,,,,
"12/1/2023, 15:18:35",,,20136,,,,
"12/1/2023, 15:18:35",,,,,,,32.25
"12/1/2023, 15:18:36",,,,,,,32.34
"12/1/2023, 15:18:36",,,,,,67,
"12/1/2023, 15:18:36",,,,-473,,,
"12/1/2023, 15:18:36",,100,,,,,
"12/1/2023, 15:18:36",,,19936,,,,
"12/1/2023, 15:18:36",,,,,-27,,
"12/1/2023, 15:18:36",740,,,,,,
"12/1/2023, 15:18:37",,,20076,,,,
"12/1/2023, 15:18:37",,,,,,47,
"12/1/2023, 15:18:37",,,,-494,,,
"12/1/2023, 15:18:37",,144,,,,,
"12/1/2023, 15:18:37",,,,,-18,,
"12/1/2023, 15:18:37",712,,,,,,
"12/1/2023, 15:18:37",,,,,,,32.25
"12/1/2023, 15:18:38",,,,,,929,
"12/1/2023, 15:18:38",,,20880,,,,
"12/1/2023, 15:18:38",,,,,7592,,
"12/1/2023, 15:18:38",,,,-647,,,
"12/1/2023, 15:18:38",,,,,,,32.48
"12/1/2023, 15:18:38",,192,,,,,
"12/1/2023, 15:18:38",-4332,,,,,,
"12/1/2023, 15:18:39",,,,,1080,,
"12/1/2023, 15:18:39",,,,-512,,,
"12/1/2023, 15:18:39",,424,,,,,
"12/1/2023, 15:18:39",,,,,,,32.39
"12/1/2023, 15:18:39",,,3760,,,,
"12/1/2023, 15:18:39",-15736,,,,,,
"12/1/2023, 15:18:39",,,,,,108,
"12/1/2023, 15:18:40",,,4236,,,,
"12/1/2023, 15:18:40",-15768,,,,,,
"12/1/2023, 15:18:40",,,,,,-62,
"12/1/2023, 15:18:40",,,,-505,,,
"12/1/2023, 15:18:40",,,,,,,32.44
"12/1/2023, 15:18:40",,,,,-1601,,
"12/1/2023, 15:18:40",,472,,,,,
"12/1/2023, 15:18:41",,,,,,82,
"12/1/2023, 15:18:41",,,4524,,,,
"12/1/2023, 15:18:41",,372,,,,,
"12/1/2023, 15:18:41",,,,-507,,,
"12/1/2023, 15:18:41",,,,,,,32.39
"12/1/2023, 15:18:41",,,,,-209,,
"12/1/2023, 15:18:41",-15928,,,,,,
"12/1/2023, 15:18:42",,,4480,,,,
"12/1/2023, 15:18:42",,408,,,,,
"12/1/2023, 15:18:42",,,,-470,,,
"12/1/2023, 15:18:42",,,,,,,32.48
"12/1/2023, 15:18:42",,,,,,33,
"12/1/2023, 15:18:42",-15856,,,,,,
"12/1/2023, 15:18:42",,,,,-40,,
"12/1/2023, 15:18:43",,,,,,,32.53
"12/1/2023, 15:18:43",-15772,,,,,,
"12/1/2023, 15:18:43",,420,,,,,
"12/1/2023, 15:18:43",,,,,,44,
"12/1/2023, 15:18:43",,,,,-38,,
"12/1/2023, 15:18:43",,,4588,,,,
"12/1/2023, 15:18:43",,,,-468,,,
"12/1/2023, 15:18:44",,,4520,,,,
"12/1/2023, 15:18:44",-15908,,,,,,
"12/1/2023, 15:18:44",,524,,,,,
"12/1/2023, 15:18:44",,,,,-119,,
"12/1/2023, 15:18:44",,,,,,44,
"12/1/2023, 15:18:44",,,,-486,,,
"12/1/2023, 15:18:44",,,,,,,32.48
"12/1/2023, 15:18:45",,472,,,,,
"12/1/2023, 15:18:45",,,,,,1,
"12/1/2023, 15:18:45",,,,-496,,,
"12/1/2023, 15:18:45",,,4804,,,,
"12/1/2023, 15:18:45",,,,,536,,
"12/1/2023, 15:18:45",-15752,,,,,,
"12/1/2023, 15:18:45",,,,,,,32.48
"12/1/2023, 15:18:46",,,,,115,,
"12/1/2023, 15:18:46",,,4340,,,,
"12/1/2023, 15:18:46",,,,,,41,
"12/1/2023, 15:18:46",,,,-502,,,
"12/1/2023, 15:18:46",-16000,,,,,,
"12/1/2023, 15:18:46",,428,,,,,
"12/1/2023, 15:18:46",,,,,,,32.44
"12/1/2023, 15:18:47",,,5080,,,,
"12/1/2023, 15:18:47",,,,,,77,
"12/1/2023, 15:18:47",,,,,,,32.58
"12/1/2023, 15:18:47",,,,,-235,,
"12/1/2023, 15:18:47",,552,,,,,
"12/1/2023, 15:18:47",,,,-502,,,
"12/1/2023, 15:18:47",-15720,,,,,,
"12/1/2023, 15:19:52",,0,,,,,
"12/1/2023, 15:19:52",,,,,0,,
"12/1/2023, 15:19:53",,,0,,,,
"12/1/2023, 15:19:53",,,,,,0,
"12/1/2023, 15:19:53",,,,0,,,
"12/1/2023, 15:19:53",,,,,,,36.53
"12/1/2023, 15:19:53",0,,,,,,
"12/1/2023, 15:19:53",,,,,-80,,
"12/1/2023, 15:19:53",,,,,,,32.06
"12/1/2023, 15:19:53",,192,,,,,
"12/1/2023, 15:19:53",756,,,,,,
"12/1/2023, 15:19:53",,,20116,,,,
"12/1/2023, 15:19:53",,,,,,23,
"12/1/2023, 15:19:53",,,,-478,,,
"12/1/2023, 15:19:54",,,,,-58,,
"12/1/2023, 15:19:54",684,,,,,,
"12/1/2023, 15:19:54",,,,,,,32.01
"12/1/2023, 15:19:54",,,,-489,,,
"12/1/2023, 15:19:54",,260,,,,,
"12/1/2023, 15:19:54",,,19908,,,,
"12/1/2023, 15:19:54",,,,,,37,
"12/1/2023, 15:19:55",,,,-481,,,
"12/1/2023, 15:19:55",,,19996,,,,
"12/1/2023, 15:19:55",,,,,,,32.15
"12/1/2023, 15:19:55",704,,,,,,
"12/1/2023, 15:19:55",,,,,-35,,
"12/1/2023, 15:19:55",,,,,,53,
"12/1/2023, 15:19:55",,216,,,,,
"12/1/2023, 15:19:56",792,,,,,,
"12/1/2023, 15:19:56",,,,,,53,
"12/1/2023, 15:19:56",,,,,,,32.29
"12/1/2023, 15:19:56",,152,,,,,
"12/1/2023, 15:19:56",,,20080,,,,
"12/1/2023, 15:19:56",,,,-495,,,
"12/1/2023, 15:19:56",,,,,-61,,
"12/1/2023, 15:19:57",,200,,,,,
"12/1/2023, 15:19:57",,,,,,,32.25
"12/1/2023, 15:19:57",804,,,,,,
"12/1/2023, 15:19:57",,,,-479,,,
"12/1/2023, 15:19:57",,,,,-64,,
"12/1/2023, 15:19:57",,,,,,49,
"12/1/2023, 15:19:57",,,19900,,,,
"12/1/2023, 15:19:58",,,,,,58,
"12/1/2023, 15:19:58",,,20112,,,,
"12/1/2023, 15:19:58",,,,,,,32.34
"12/1/2023, 15:19:58",,96,,,,,
"12/1/2023, 15:19:58",896,,,,,,
"12/1/2023, 15:19:58",,,,-471,,,
"12/1/2023, 15:19:58",,,,,-58,,
"12/1/2023, 15:19:59",,,,-482,,,
"12/1/2023, 15:19:59",,156,,,,,
"12/1/2023, 15:19:59",,,,,-59,,
"12/1/2023, 15:19:59",,,20028,,,,
"12/1/2023, 15:19:59",,,,,,43,
"12/1/2023, 15:19:59",724,,,,,,
"12/1/2023, 15:19:59",,,,,,,32.34
"12/1/2023, 15:20:00",,,,-480,,,
"12/1/2023, 15:20:00",,,,,-58,,
"12/1/2023, 15:20:00",,,,,,54,
"12/1/2023, 15:20:00",,,,,,,32.34
"12/1/2023, 15:20:00",,196,,,,,
"12/1/2023, 15:20:00",728,,,,,,
"12/1/2023, 15:20:00",,,19984,,,,
"12/1/2023, 15:20:01",,,,,-268,,
"12/1/2023, 15:20:01",,,,-470,,,
"12/1/2023, 15:20:01",,,,,,,32.34
"12/1/2023, 15:20:01",,,19596,,,,
"12/1/2023, 15:20:01",256,,,,,,
"12/1/2023, 15:20:01",,452,,,,,
"12/1/2023, 15:20:01",,,,,,115,
"12/1/2023, 15:20:02",,236,,,,,
"12/1/2023, 15:20:02",708,,,,,,
"12/1/2023, 15:20:02",,,,,,,32.29
"12/1/2023, 15:20:02",,,,,-59,,
"12/1/2023, 15:20:02",,,,-497,,,
"12/1/2023, 15:20:02",,,20020,,,,
"12/1/2023, 15:20:02",,,,,,31,
"12/1/2023, 15:20:03",,,,-472,,,
"12/1/2023, 15:20:03",,,18012,,,,
"12/1/2023, 15:20:03",,,,,10463,,
"12/1/2023, 15:20:03",-6972,,,,,,
"12/1/2023, 15:20:03",,,,,,369,
"12/1/2023, 15:20:03",,,,,,,32.39
"12/1/2023, 15:20:03",,356,,,,,
"12/1/2023, 15:20:04",,,3568,,,,
"12/1/2023, 15:20:04",,,,,,235,
"12/1/2023, 15:20:04",,,,,,,32.39
"12/1/2023, 15:20:04",-16172,,,,,,
"12/1/2023, 15:20:04",,508,,,,,
"12/1/2023, 15:20:04",,,,300,,,
"12/1/2023, 15:20:04",,,,,2679,,
"12/1/2023, 15:20:05",,,,-489,,,
"12/1/2023, 15:20:05",,,,,-936,,
"12/1/2023, 15:20:05",,,,,,,32.48
"12/1/2023, 15:20:05",-15948,,,,,,
"12/1/2023, 15:20:05",,484,,,,,
"12/1/2023, 15:20:05",,,4880,,,,
"12/1/2023, 15:20:05",,,,,,11,
"12/1/2023, 15:20:06",,352,,,,,
"12/1/2023, 15:20:06",,,4404,,,,
"12/1/2023, 15:20:06",-15896,,,,,,
"12/1/2023, 15:20:06",,,,,,77,
"12/1/2023, 15:20:06",,,,-490,,,
"12/1/2023, 15:20:06",,,,,-81,,
"12/1/2023, 15:20:06",,,,,,,32.39
"12/1/2023, 15:20:07",,,,-490,,,
"12/1/2023, 15:20:07",,424,,,,,
"12/1/2023, 15:20:07",,,,,,53,
"12/1/2023, 15:20:07",,,4552,,,,
"12/1/2023, 15:20:07",-15940,,,,,,
"12/1/2023, 15:20:07",,,,,,,32.48
"12/1/2023, 15:20:07",,,,,-102,,
"12/1/2023, 15:20:08",,,,,-31,,
"12/1/2023, 15:20:08",,380,,,,,
"12/1/2023, 15:20:08",,,4476,,,,
"12/1/2023, 15:20:08",,,,,,59,
"12/1/2023, 15:20:08",-15948,,,,,,
"12/1/2023, 15:20:08",,,,-473,,,
"12/1/2023, 15:20:08",,,,,,,32.39
"12/1/2023, 15:20:09",-15956,,,,,,
"12/1/2023, 15:20:09",,,4604,,,,
"12/1/2023, 15:20:09",,,,,,,32.44
"12/1/2023, 15:20:09",,,,,-55,,
"12/1/2023, 15:20:09",,,,-459,,,
"12/1/2023, 15:20:09",,,,,,58,
"12/1/2023, 15:20:09",,492,,,,,
"12/1/2023, 15:20:10",,492,,,,,
"12/1/2023, 15:20:10",,,,,-74,,
"12/1/2023, 15:20:10",,,,,,59,
"12/1/2023, 15:20:10",,,,,,,32.53
"12/1/2023, 15:20:10",-15880,,,,,,
"12/1/2023, 15:20:10",,,4712,,,,
"12/1/2023, 15:20:10",,,,-485,,,
"12/1/2023, 15:20:11",-16096,,,,,,
"12/1/2023, 15:20:11",,,,-711,,,
"12/1/2023, 15:20:11",,,,,,81,
"12/1/2023, 15:20:11",,,4556,,,,
"12/1/2023, 15:20:11",,,,,-601,,
"12/1/2023, 15:20:11",,616,,,,,
"12/1/2023, 15:20:11",,,,,,,32.58
"12/1/2023, 15:20:12",,,,,-2256,,
"12/1/2023, 15:20:12",,,18764,,,,
"12/1/2023, 15:20:12",-1464,,,,,,
"12/1/2023, 15:20:12",,-828,,,,,
"12/1/2023, 15:20:12",,,,,,,32.53
"12/1/2023, 15:20:12",,,,104,,,
"12/1/2023, 15:20:12",,,,,,117,
"12/1/2023, 15:20:13",,,,,,94,
"12/1/2023, 15:20:13",512,,,,,,
"12/1/2023, 15:20:13",,-24,,,,,
"12/1/2023, 15:20:13",,,,,2,,
"12/1/2023, 15:20:13",,,19836,,,,
"12/1/2023, 15:20:13",,,,,,,32.58
"12/1/2023, 15:20:13",,,,-507,,,
"12/1/2023, 15:27:50",,0,,,,,
"12/1/2023, 15:27:50",,,,,0,,
"12/1/2023, 15:27:50",,,0,,,,
"12/1/2023, 15:27:50",0,,,,,,
"12/1/2023, 15:27:50",,,,,,0,
"12/1/2023, 15:27:50",,,,0,,,
"12/1/2023, 15:27:50",,,,,,,36.53
"12/1/2023, 15:27:51",,,,-487,,,
"12/1/2023, 15:27:51",,,20084,,,,
"12/1/2023, 15:27:51",,200,,,,,
"12/1/2023, 15:27:51",468,,,,,,
"12/1/2023, 15:27:51",,,,,,51,
"12/1/2023, 15:27:51",,,,,-45,,
"12/1/2023, 15:27:51",,,,,,,31.45
"12/1/2023, 15:27:51",,,20072,,,,
"12/1/2023, 15:27:51",,,,,,,31.49
"12/1/2023, 15:27:51",,,,,,64,
"12/1/2023, 15:27:51",536,,,,,,
"12/1/2023, 15:27:51",,,,-480,,,
"12/1/2023, 15:27:51",,280,,,,,
"12/1/2023, 15:27:52",,,,,-59,,
"12/1/2023, 15:27:52",152,,,,,,
"12/1/2023, 15:27:52",,,20148,,,,
"12/1/2023, 15:27:52",,,,,,,31.54
"12/1/2023, 15:27:52",,416,,,,,
"12/1/2023, 15:27:52",,,,-483,,,
"12/1/2023, 15:27:52",,,,,-258,,
"12/1/2023, 15:27:52",,,,,,66,
"12/1/2023, 15:27:54",,,,,,60,
"12/1/2023, 15:27:54",,,,,-61,,
"12/1/2023, 15:27:54",,,,,,,31.64
"12/1/2023, 15:27:54",,356,,,,,
"12/1/2023, 15:27:54",,,20012,,,,
"12/1/2023, 15:27:54",,,,-494,,,
"12/1/2023, 15:27:54",528,,,,,,
"12/1/2023, 15:27:55",,,20084,,,,
"12/1/2023, 15:27:55",,,,,,69,
"12/1/2023, 15:27:55",,,,,,,31.59
"12/1/2023, 15:27:55",,,,,-58,,
"12/1/2023, 15:27:55",,,,-489,,,
"12/1/2023, 15:27:55",624,,,,,,
"12/1/2023, 15:27:55",,300,,,,,
"12/1/2023, 15:27:56",,,,,,,31.68
"12/1/2023, 15:27:56",,,19948,,,,
"12/1/2023, 15:27:56",,,,-476,,,
"12/1/2023, 15:27:56",,304,,,,,
"12/1/2023, 15:27:56",,,,,,39,
"12/1/2023, 15:27:56",,,,,-49,,
"12/1/2023, 15:27:56",552,,,,,,
"12/1/2023, 15:27:57",,,20012,,,,
"12/1/2023, 15:27:57",,328,,,,,
"12/1/2023, 15:27:57",,,,,-65,,
"12/1/2023, 15:27:57",,,,,,,31.68
"12/1/2023, 15:27:57",,,,,,60,
"12/1/2023, 15:27:57",540,,,,,,
"12/1/2023, 15:27:57",,,,-488,,,
"12/1/2023, 15:27:58",,320,,,,,
"12/1/2023, 15:27:58",636,,,,,,
"12/1/2023, 15:27:58",,,,,-75,,
"12/1/2023, 15:27:58",,,20068,,,,
"12/1/2023, 15:27:58",,,,-463,,,
"12/1/2023, 15:27:58",,,,,,,31.73
"12/1/2023, 15:27:58",,,,,,54,
"12/1/2023, 15:27:59",,,,,,50,
"12/1/2023, 15:27:59",,,,,-59,,
"12/1/2023, 15:27:59",,,,-496,,,
"12/1/2023, 15:27:59",,,19996,,,,
"12/1/2023, 15:27:59",528,,,,,,
"12/1/2023, 15:27:59",,,,,,,31.78
"12/1/2023, 15:27:59",,344,,,,,
"12/1/2023, 15:28:00",,,,-498,,,
"12/1/2023, 15:28:00",,,,,,,31.73
"12/1/2023, 15:28:00",700,,,,,,
"12/1/2023, 15:28:00",,,,,,59,
"12/1/2023, 15:28:00",,280,,,,,
"12/1/2023, 15:28:00",,,19892,,,,
"12/1/2023, 15:28:00",,,,,-74,,
"12/1/2023, 15:28:01",,,,,,,31.78
"12/1/2023, 15:28:01",,,,-402,,,
"12/1/2023, 15:28:01",,,,,,-514,
"12/1/2023, 15:28:01",,-108,,,,,
"12/1/2023, 15:28:01",-2056,,,,,,
"12/1/2023, 15:28:01",,,21596,,,,
"12/1/2023, 15:28:01",,,,,3821,,
"12/1/2023, 15:28:02",,460,,,,,
"12/1/2023, 15:28:02",,,4448,,,,
"12/1/2023, 15:28:02",,,,-402,,,
"12/1/2023, 15:28:02",-15336,,,,,,
"12/1/2023, 15:28:02",,,,,,,31.78
"12/1/2023, 15:28:02",,,,,9807,,
"12/1/2023, 15:28:02",,,,,,221,
"12/1/2023, 15:28:03",,,4392,,,,
"12/1/2023, 15:28:03",,,,,,,31.78
"12/1/2023, 15:28:03",,,,,64,,
"12/1/2023, 15:28:03",,,,-471,,,
"12/1/2023, 15:28:03",,,,,,67,
"12/1/2023, 15:28:03",-16000,,,,,,
"12/1/2023, 15:28:03",,472,,,,,
"12/1/2023, 15:28:04",,,,,-103,,
"12/1/2023, 15:28:04",,,4488,,,,
"12/1/2023, 15:28:04",,,,-495,,,
"12/1/2023, 15:28:04",-15952,,,,,,
"12/1/2023, 15:28:04",,,,,,67,
"12/1/2023, 15:28:04",,436,,,,,
"12/1/2023, 15:28:04",,,,,,,31.82
"12/1/2023, 15:28:05",,,,,-65,,
"12/1/2023, 15:28:05",,460,,,,,
"12/1/2023, 15:28:05",-15764,,,,,,
"12/1/2023, 15:28:05",,,,,,,31.82
"12/1/2023, 15:28:05",,,,-490,,,
"12/1/2023, 15:28:05",,,4456,,,,
"12/1/2023, 15:28:05",,,,,,40,
"12/1/2023, 15:28:06",,,,,,,31.87
"12/1/2023, 15:28:06",,496,,,,,
"12/1/2023, 15:28:06",-15832,,,,,,
"12/1/2023, 15:28:06",,,,,-77,,
"12/1/2023, 15:28:06",,,4296,,,,
"12/1/2023, 15:28:06",,,,,,58,
"12/1/2023, 15:28:06",,,,-477,,,
"12/1/2023, 15:28:07",,,,,,60,
"12/1/2023, 15:28:07",,,,,,,31.92
"12/1/2023, 15:28:07",,404,,,,,
"12/1/2023, 15:28:07",,,4296,,,,
"12/1/2023, 15:28:07",,,,-485,,,
"12/1/2023, 15:28:07",-15948,,,,,,
"12/1/2023, 15:28:07",,,,,-51,,
"12/1/2023, 15:28:08",,,,-498,,,
"12/1/2023, 15:28:08",,,4172,,,,
"12/1/2023, 15:28:08",,,,,,,31.92
"12/1/2023, 15:28:08",-15936,,,,,,
"12/1/2023, 15:28:08",,,,,-85,,
"12/1/2023, 15:28:08",,,,,,45,
"12/1/2023, 15:28:08",,356,,,,,
"12/1/2023, 15:28:09",-15800,,,,,,
"12/1/2023, 15:28:09",,,,,,53,
"12/1/2023, 15:28:09",,,,-484,,,
"12/1/2023, 15:28:09",,424,,,,,
"12/1/2023, 15:28:09",,,4520,,,,
"12/1/2023, 15:28:09",,,,,-76,,
"12/1/2023, 15:28:09",,,,,,,31.87
"12/1/2023, 15:28:10",,,,1381,,,
"12/1/2023, 15:28:10",,,,,,-319,
"12/1/2023, 15:28:10",,,,,,,31.92
"12/1/2023, 15:28:10",,,4336,,,,
"12/1/2023, 15:28:10",,,,,-7770,,
"12/1/2023, 15:28:10",,384,,,,,
"12/1/2023, 15:28:10",-16548,,,,,,
"12/1/2023, 15:28:41",,,0,,,,
"12/1/2023, 15:28:41",,0,,,,,
"12/1/2023, 15:28:42",0,,,,,,
"12/1/2023, 15:28:42",,,,,0,,
"12/1/2023, 15:28:42",,,,,,,36.53
"12/1/2023, 15:28:42",,,,0,,,
"12/1/2023, 15:28:42",,,,,,0,
"12/1/2023, 15:28:42",664,,,,,,
"12/1/2023, 15:28:42",,,20148,,,,
"12/1/2023, 15:28:42",,288,,,,,
"12/1/2023, 15:28:42",,,,-513,,,
"12/1/2023, 15:28:42",,,,,,,31.64
"12/1/2023, 15:28:42",,,,,,36,
"12/1/2023, 15:28:42",,,,,-57,,
"12/1/2023, 15:28:43",500,,,,,,
"12/1/2023, 15:28:43",,,,,,53,
"12/1/2023, 15:28:43",,300,,,,,
"12/1/2023, 15:28:43",,,,,-90,,
"12/1/2023, 15:28:43",,,,-475,,,
"12/1/2023, 15:28:43",,,,,,,31.64
"12/1/2023, 15:28:43",,,20052,,,,
"12/1/2023, 15:28:44",,,,,-46,,
"12/1/2023, 15:28:44",,,,,,,31.73
"12/1/2023, 15:28:44",,,,-481,,,
"12/1/2023, 15:28:44",,268,,,,,
"12/1/2023, 15:28:44",,,20012,,,,
"12/1/2023, 15:28:44",624,,,,,,
"12/1/2023, 15:28:44",,,,,,58,
"12/1/2023, 15:28:45",,,,,,48,
"12/1/2023, 15:28:45",,,,,,,31.78
"12/1/2023, 15:28:45",,344,,,,,
"12/1/2023, 15:28:45",564,,,,,,
"12/1/2023, 15:28:45",,,19940,,,,
"12/1/2023, 15:28:45",,,,-506,,,
"12/1/2023, 15:28:45",,,,,-63,,
"12/1/2023, 15:28:46",544,,,,,,
"12/1/2023, 15:28:46",,,20096,,,,
"12/1/2023, 15:28:46",,,,,,38,
"12/1/2023, 15:28:46",,,,,,,31.73
"12/1/2023, 15:28:46",,,,,-69,,
"12/1/2023, 15:28:46",,,,-483,,,
"12/1/2023, 15:28:46",,432,,,,,
"12/1/2023, 15:28:47",,,,,-52,,
"12/1/2023, 15:28:47",,,,,,,31.78
"12/1/2023, 15:28:47",,348,,,,,
"12/1/2023, 15:28:47",,,,,,48,
"12/1/2023, 15:28:47",,,20016,,,,
"12/1/2023, 15:28:47",,,,-475,,,
"12/1/2023, 15:28:47",672,,,,,,
"12/1/2023, 15:28:48",,332,,,,,
"12/1/2023, 15:28:48",640,,,,,,
"12/1/2023, 15:28:48",,,20008,,,,
"12/1/2023, 15:28:48",,,,,,46,
"12/1/2023, 15:28:48",,,,,,,31.97
"12/1/2023, 15:28:48",,,,-478,,,
"12/1/2023, 15:28:48",,,,,-93,,
"12/1/2023, 15:28:49",,,19852,,,,
"12/1/2023, 15:28:49",,256,,,,,
"12/1/2023, 15:28:49",,,,-493,,,
"12/1/2023, 15:28:49",,,,,,45,
"12/1/2023, 15:28:49",596,,,,,,
"12/1/2023, 15:28:49",,,,,-63,,
"12/1/2023, 15:28:49",,,,,,,31.92
"12/1/2023, 15:28:50",,,19992,,,,
"12/1/2023, 15:28:50",,,,,-63,,
"12/1/2023, 15:28:50",640,,,,,,
"12/1/2023, 15:28:50",,,,-476,,,
"12/1/2023, 15:28:50",,356,,,,,
"12/1/2023, 15:28:50",,,,,,50,
"12/1/2023, 15:28:50",,,,,,,32.01
"12/1/2023, 15:28:51",576,,,,,,
"12/1/2023, 15:28:51",,,,,,,31.92
"12/1/2023, 15:28:51",,,,,,73,
"12/1/2023, 15:28:51",,368,,,,,
"12/1/2023, 15:28:51",,,,,-72,,
"12/1/2023, 15:28:51",,,,-470,,,
"12/1/2023, 15:28:51",,,20060,,,,
"12/1/2023, 15:28:52",,344,,,,,
"12/1/2023, 15:28:52",,,,,,,31.87
"12/1/2023, 15:28:52",,,19976,,,,
"12/1/2023, 15:28:52",,,,-494,,,
"12/1/2023, 15:28:52",,,,,-85,,
"12/1/2023, 15:28:52",,,,,,73,
"12/1/2023, 15:28:52",500,,,,,,
"12/1/2023, 15:28:53",,,20004,,,,
"12/1/2023, 15:28:53",,,,,,,32.01
"12/1/2023, 15:28:53",,,,,,40,
"12/1/2023, 15:28:53",,,,-497,,,
"12/1/2023, 15:28:53",756,,,,,,
"12/1/2023, 15:28:53",,,,,-81,,
"12/1/2023, 15:28:53",,328,,,,,
"12/1/2023, 15:28:54",,,20376,,,,
"12/1/2023, 15:28:54",,,,,,134,
"12/1/2023, 15:28:54",,,,,-305,,
"12/1/2023, 15:28:54",,372,,,,,
"12/1/2023, 15:28:54",,,,-418,,,
"12/1/2023, 15:28:54",,,,,,,32.01
"12/1/2023, 15:28:54",92,,,,,,
"12/1/2023, 15:28:55",,,,,,-142,
"12/1/2023, 15:28:55",,,,,,,31.97
"12/1/2023, 15:28:55",,,,-264,,,
"12/1/2023, 15:28:55",,,,,12979,,
"12/1/2023, 15:28:55",,564,,,,,
"12/1/2023, 15:28:55",-4740,,,,,,
"12/1/2023, 15:28:55",,,19036,,,,
"12/1/2023, 15:28:57",,,4216,,,,
"12/1/2023, 15:28:57",,,,,54,,
"12/1/2023, 15:28:57",,,,,,45,
"12/1/2023, 15:28:57",,348,,,,,
"12/1/2023, 15:28:57",-15420,,,,,,
"12/1/2023, 15:28:57",,,,-466,,,
"12/1/2023, 15:28:57",,,,,,,32.06
"12/1/2023, 15:28:57",,,,-486,,,
"12/1/2023, 15:28:57",,564,,,,,
"12/1/2023, 15:28:57",,,,,,68,
"12/1/2023, 15:28:57",,,4512,,,,
"12/1/2023, 15:28:57",-15976,,,,,,
"12/1/2023, 15:28:57",,,,,-141,,
"12/1/2023, 15:28:57",,,,,,,31.97
"12/1/2023, 15:28:58",,,4384,,,,
"12/1/2023, 15:28:58",-15956,,,,,,
"12/1/2023, 15:28:58",,,,,,66,
"12/1/2023, 15:28:58",,,,,,,32.2
"12/1/2023, 15:28:58",,,,-474,,,
"12/1/2023, 15:28:58",,508,,,,,
"12/1/2023, 15:28:58",,,,,-90,,
"12/1/2023, 15:28:59",,,,,,,32.11
"12/1/2023, 15:28:59",-15812,,,,,,
"12/1/2023, 15:28:59",,,,-487,,,
"12/1/2023, 15:28:59",,,4580,,,,
"12/1/2023, 15:28:59",,468,,,,,
"12/1/2023, 15:28:59",,,,,,64,
"12/1/2023, 15:28:59",,,,,-68,,
"12/1/2023, 15:29:00",,,4396,,,,
"12/1/2023, 15:29:00",,,,,-53,,
"12/1/2023, 15:29:00",,,,,,,32.11
"12/1/2023, 15:29:00",,468,,,,,
"12/1/2023, 15:29:00",,,,-482,,,
"12/1/2023, 15:29:00",-15968,,,,,,
"12/1/2023, 15:29:00",,,,,,59,
"12/1/2023, 15:29:01",,420,,,,,
"12/1/2023, 15:29:01",-15896,,,,,,
"12/1/2023, 15:29:01",,,,,-63,,
"12/1/2023, 15:29:01",,,,-491,,,
"12/1/2023, 15:29:01",,,,,,,32.11
"12/1/2023, 15:29:01",,,4536,,,,
"12/1/2023, 15:29:01",,,,,,51,
"12/1/2023, 15:29:02",,324,,,,,
"12/1/2023, 15:29:02",,,4280,,,,
"12/1/2023, 15:29:02",,,,,-354,,
"12/1/2023, 15:29:02",,,,,,1,
"12/1/2023, 15:29:02",-16128,,,,,,
"12/1/2023, 15:29:02",,,,,,,32.06
"12/1/2023, 15:29:02",,,,-501,,,
"12/1/2023, 15:29:03",-15856,,,,,,
"12/1/2023, 15:29:03",,,,,,,32.15
"12/1/2023, 15:29:03",,,,-485,,,
"12/1/2023, 15:29:03",,,,,,58,
"12/1/2023, 15:29:03",,,,,-66,,
"12/1/2023, 15:29:03",,500,,,,,
"12/1/2023, 15:29:03",,,4504,,,,
"12/1/2023, 15:29:04",-15784,,,,,,
"12/1/2023, 15:29:04",,,,,,,32.2
"12/1/2023, 15:29:04",,,,,,71,
"12/1/2023, 15:29:04",,340,,,,,
"12/1/2023, 15:29:04",,,,-792,,,
"12/1/2023, 15:29:04",,,4260,,,,
"12/1/2023, 15:29:04",,,,,430,,
"12/1/2023, 15:29:36",,0,,,,,
"12/1/2023, 15:29:36",0,,,,,,
"12/1/2023, 15:29:36",,,,,0,,
"12/1/2023, 15:29:36",,,,,,,36.53
"12/1/2023, 15:29:36",,,,,,0,
"12/1/2023, 15:29:36",,,0,,,,
"12/1/2023, 15:29:36",,,,0,,,
"12/1/2023, 15:29:37",,,19984,,,,
"12/1/2023, 15:29:37",,,,,,,31.73
"12/1/2023, 15:29:37",,,,,,54,
"12/1/2023, 15:29:37",524,,,,,,
"12/1/2023, 15:29:37",,,,,-92,,
"12/1/2023, 15:29:37",,,,-465,,,
"12/1/2023, 15:29:37",,336,,,,,
"12/1/2023, 15:29:38",,,19952,,,,
"12/1/2023, 15:29:38",,,,,,56,
"12/1/2023, 15:29:38",,,,-461,,,
"12/1/2023, 15:29:38",,,,,-44,,
"12/1/2023, 15:29:38",616,,,,,,
"12/1/2023, 15:29:38",,,,,,,31.92
"12/1/2023, 15:29:38",,320,,,,,
"12/1/2023, 15:29:39",,,,,,63,
"12/1/2023, 15:29:39",,,,,-77,,
"12/1/2023, 15:29:39",,,,-478,,,
"12/1/2023, 15:29:39",,,20020,,,,
"12/1/2023, 15:29:39",528,,,,,,
"12/1/2023, 15:29:39",,,,,,,31.97
"12/1/2023, 15:29:39",,240,,,,,
"12/1/2023, 15:29:40",,,19948,,,,
"12/1/2023, 15:29:40",,,,,-49,,
"12/1/2023, 15:29:40",,,,,,,32.06
"12/1/2023, 15:29:40",520,,,,,,
"12/1/2023, 15:29:40",,396,,,,,
"12/1/2023, 15:29:40",,,,,,56,
"12/1/2023, 15:29:40",,,,-481,,,
"12/1/2023, 15:29:41",,,,,-47,,
"12/1/2023, 15:29:41",,,19960,,,,
"12/1/2023, 15:29:41",,,,-485,,,
"12/1/2023, 15:29:41",548,,,,,,
"12/1/2023, 15:29:41",,,,,,55,
"12/1/2023, 15:29:42",,328,,,,,
"12/1/2023, 15:29:42",,,,,,,32.15
"12/1/2023, 15:29:42",632,,,,,,
"12/1/2023, 15:29:42",,,,,,,32.15
"12/1/2023, 15:29:42",,,,,-69,,
"12/1/2023, 15:29:43",,,,,,33,
"12/1/2023, 15:29:43",,396,,,,,
"12/1/2023, 15:29:43",,,,-494,,,
"12/1/2023, 15:29:43",,,20044,,,,
"12/1/2023, 15:29:43",,,,,-53,,
"12/1/2023, 15:29:43",612,,,,,,
"12/1/2023, 15:29:43",,,,-468,,,
"12/1/2023, 15:29:43",,,,,,67,
"12/1/2023, 15:29:43",,,19924,,,,
"12/1/2023, 15:29:43",,376,,,,,
"12/1/2023, 15:29:43",,,,,,,32.15
"12/1/2023, 15:29:44",,,,,,,32.11
"12/1/2023, 15:29:44",,,,,,41,
"12/1/2023, 15:29:44",,,19976,,,,
"12/1/2023, 15:29:44",,,,,-77,,
"12/1/2023, 15:29:44",,,,-489,,,
"12/1/2023, 15:29:44",,320,,,,,
"12/1/2023, 15:29:44",644,,,,,,
"12/1/2023, 15:29:45",,,,,-67,,
"12/1/2023, 15:29:45",,,19980,,,,
"12/1/2023, 15:29:45",,,,-487,,,
"12/1/2023, 15:29:45",572,,,,,,
"12/1/2023, 15:29:45",,336,,,,,
"12/1/2023, 15:29:45",,,,,,67,
"12/1/2023, 15:29:45",,,,,,,32.15
"12/1/2023, 15:29:46",,,,,,,32.15
"12/1/2023, 15:29:46",,,,,-74,,
"12/1/2023, 15:29:46",,,,-492,,,
"12/1/2023, 15:29:46",560,,,,,,
"12/1/2023, 15:29:46",,,20040,,,,
"12/1/2023, 15:29:46",,324,,,,,
"12/1/2023, 15:29:46",,,,,,61,
"12/1/2023, 15:29:47",,,20044,,,,
"12/1/2023, 15:29:47",,,,-490,,,
"12/1/2023, 15:29:47",,384,,,,,
"12/1/2023, 15:29:47",652,,,,,,
"12/1/2023, 15:29:47",,,,,,,32.25
"12/1/2023, 15:29:47",,,,,,23,
"12/1/2023, 15:29:47",,,,,-53,,
"12/1/2023, 15:29:48",644,,,,,,
"12/1/2023, 15:29:48",,,20160,,,,
"12/1/2023, 15:29:48",,,,-506,,,
"12/1/2023, 15:29:48",,,,,,70,
"12/1/2023, 15:29:48",,,,,,,32.2
"12/1/2023, 15:29:48",,352,,,,,
"12/1/2023, 15:29:48",,,,,-83,,
"12/1/2023, 15:29:49",,,19376,,,,
"12/1/2023, 15:29:49",,,,,,599,
"12/1/2023, 15:29:49",,,,,,,32.2
"12/1/2023, 15:29:49",,-132,,,,,
"12/1/2023, 15:29:49",,,,,11538,,
"12/1/2023, 15:29:49",-10304,,,,,,
"12/1/2023, 15:29:49",,,,-533,,,
"12/1/2023, 15:29:50",,,,-467,,,
"12/1/2023, 15:29:50",,,3104,,,,
"12/1/2023, 15:29:50",,556,,,,,
"12/1/2023, 15:29:50",,,,,-1501,,
"12/1/2023, 15:29:50",,,,,,,32.2
"12/1/2023, 15:29:50",,,,,,15,
"12/1/2023, 15:29:50",-16108,,,,,,
"12/1/2023, 15:29:52",,,,-474,,,
"12/1/2023, 15:29:52",,,,,-17,,
"12/1/2023, 15:29:52",,,,,,,32.25
"12/1/2023, 15:29:52",,,4500,,,,
"12/1/2023, 15:29:52",,,,,,48,
"12/1/2023, 15:29:52",-15856,,,,,,
"12/1/2023, 15:29:52",,456,,,,,
"12/1/2023, 15:29:52",,520,,,,,
"12/1/2023, 15:29:52",,,4364,,,,
"12/1/2023, 15:29:52",,,,-465,,,
"12/1/2023, 15:29:52",,,,,-64,,
"12/1/2023, 15:29:52",,,,,,73,
"12/1/2023, 15:29:52",-15860,,,,,,
"12/1/2023, 15:29:52",,,,,,,32.2
"12/1/2023, 15:29:53",-15888,,,,,,
"12/1/2023, 15:29:53",,472,,,,,
"12/1/2023, 15:29:53",,,,-480,,,
"12/1/2023, 15:29:53",,,,,,51,
"12/1/2023, 15:29:53",,,,,,,32.15
"12/1/2023, 15:29:53",,,,,-65,,
"12/1/2023, 15:29:53",,,4400,,,,
"12/1/2023, 15:29:54",,364,,,,,
"12/1/2023, 15:29:54",,,4280,,,,
"12/1/2023, 15:29:54",,,,,,,32.29
"12/1/2023, 15:29:54",,,,,-55,,
"12/1/2023, 15:29:54",,,,,,52,
"12/1/2023, 15:29:54",,,,-492,,,
"12/1/2023, 15:29:54",-15880,,,,,,
"12/1/2023, 15:29:55",-15896,,,,,,
"12/1/2023, 15:29:55",,,,-491,,,
"12/1/2023, 15:29:55",,,,,-71,,
"12/1/2023, 15:29:55",,,4344,,,,
"12/1/2023, 15:29:55",,,,,,,32.25
"12/1/2023, 15:29:55",,424,,,,,
"12/1/2023, 15:29:55",,,,,,37,
"12/1/2023, 15:29:56",,,,,,59,
"12/1/2023, 15:29:56",,,,-514,,,
"12/1/2023, 15:29:56",,,,,,,32.29
"12/1/2023, 15:29:56",-15936,,,,,,
"12/1/2023, 15:29:56",,,4492,,,,
"12/1/2023, 15:29:56",,,,,-108,,
"12/1/2023, 15:29:56",,432,,,,,
"12/1/2023, 15:29:57",,,4416,,,,
"12/1/2023, 15:29:57",,,,-471,,,
"12/1/2023, 15:29:57",-15856,,,,,,
"12/1/2023, 15:29:57",,,,,-58,,
"12/1/2023, 15:29:57",,472,,,,,
"12/1/2023, 15:29:57",,,,,,46,
"12/1/2023, 15:29:57",,,,,,,32.34
"12/1/2023, 15:30:52",0,,,,,,
"12/1/2023, 15:30:52",,,,,,,36.53
"12/1/2023, 15:30:52",,0,,,,,
"12/1/2023, 15:30:52",,,,0,,,
"12/1/2023, 15:30:52",,,0,,,,
"12/1/2023, 15:30:52",,,,,,0,
"12/1/2023, 15:30:53",,,,,0,,
"12/1/2023, 15:30:53",,,,,,,32.01
"12/1/2023, 15:30:53",664,,,,,,
"12/1/2023, 15:30:53",,,20056,,,,
"12/1/2023, 15:30:53",,,,-488,,,
"12/1/2023, 15:30:53",,,,,,37,
"12/1/2023, 15:30:53",,,,,-63,,
"12/1/2023, 15:30:54",,272,,,,,
"12/1/2023, 15:30:54",,,,-489,,,
"12/1/2023, 15:30:54",,,20080,,,,
"12/1/2023, 15:30:54",,280,,,,,
"12/1/2023, 15:30:54",744,,,,,,
"12/1/2023, 15:30:54",,,,,-45,,
"12/1/2023, 15:30:54",,,,,,,32.15
"12/1/2023, 15:30:54",,,,,,60,
"12/1/2023, 15:30:55",,,20052,,,,
"12/1/2023, 15:30:55",,,,-485,,,
"12/1/2023, 15:30:55",548,,,,,,
"12/1/2023, 15:30:55",,,,,-44,,
"12/1/2023, 15:30:55",,,,,,,32.2
"12/1/2023, 15:30:55",,304,,,,,
"12/1/2023, 15:30:56",,,,,,62,
"12/1/2023, 15:30:56",,396,,,,,
"12/1/2023, 15:30:56",,,,,,46,
"12/1/2023, 15:30:56",,,19992,,,,
"12/1/2023, 15:30:56",,,,,-63,,
"12/1/2023, 15:30:56",584,,,,,,
"12/1/2023, 15:30:56",,,,,,,32.11
"12/1/2023, 15:30:56",,,,-474,,,
"12/1/2023, 15:30:57",,312,,,,,
"12/1/2023, 15:30:57",,,,,,,32.25
"12/1/2023, 15:30:57",,,,,-48,,
"12/1/2023, 15:30:57",,,,,,55,
"12/1/2023, 15:30:57",,,20044,,,,
"12/1/2023, 15:30:57",,,,-474,,,
"12/1/2023, 15:30:57",648,,,,,,
"12/1/2023, 15:30:58",,324,,,,,
"12/1/2023, 15:30:58",,,,,,55,
"12/1/2023, 15:30:58",,,,-489,,,
"12/1/2023, 15:30:58",,,,,,,32.29
"12/1/2023, 15:30:58",628,,,,,,
"12/1/2023, 15:30:58",,,,,-64,,
"12/1/2023, 15:30:58",,,19996,,,,
"12/1/2023, 15:30:59",,,,-502,,,
"12/1/2023, 15:30:59",,,,,,,32.25
"12/1/2023, 15:30:59",732,,,,,,
"12/1/2023, 15:30:59",,224,,,,,
"12/1/2023, 15:30:59",,,,,,66,
"12/1/2023, 15:30:59",,,,,-20,,
"12/1/2023, 15:31:00",,,20080,,,,
"12/1/2023, 15:31:00",724,,,,,,
"12/1/2023, 15:31:00",,,,,,,32.39
"12/1/2023, 15:31:00",,368,,,,,
"12/1/2023, 15:31:00",,,,,,72,
"12/1/2023, 15:31:00",,,,,-49,,
"12/1/2023, 15:31:00",,,19968,,,,
"12/1/2023, 15:31:00",,,,-495,,,
"12/1/2023, 15:31:01",,,,,-40,,
"12/1/2023, 15:31:01",,324,,,,,
"12/1/2023, 15:31:01",644,,,,,,
"12/1/2023, 15:31:01",,,,-499,,,
"12/1/2023, 15:31:01",,,,,,60,
"12/1/2023, 15:31:01",,,,,,,32.29
"12/1/2023, 15:31:01",,,20036,,,,
"12/1/2023, 15:31:02",,,20100,,,,
"12/1/2023, 15:31:02",,,,-478,,,
"12/1/2023, 15:31:02",620,,,,,,
"12/1/2023, 15:31:02",,236,,,,,
"12/1/2023, 15:31:02",,,,,,65,
"12/1/2023, 15:31:02",,,,,-61,,
"12/1/2023, 15:31:02",,,,,,,32.29
"12/1/2023, 15:31:03",,,,,,53,
"12/1/2023, 15:31:03",,,,,-61,,
"12/1/2023, 15:31:03",,,,,,,32.34
"12/1/2023, 15:31:03",,264,,,,,
"12/1/2023, 15:31:03",732,,,,,,
"12/1/2023, 15:31:03",,,,-477,,,
"12/1/2023, 15:31:03",,,19960,,,,
"12/1/2023, 15:31:04",608,,,,,,
"12/1/2023, 15:31:04",,,,,,,32.34
"12/1/2023, 15:31:04",,400,,,,,
"12/1/2023, 15:31:04",,,,,,63,
"12/1/2023, 15:31:04",,,,,-54,,
"12/1/2023, 15:31:04",,,19972,,,,
"12/1/2023, 15:31:04",,,,-497,,,
"12/1/2023, 15:31:05",,,,,,66,
"12/1/2023, 15:31:05",720,,,,,,
"12/1/2023, 15:31:05",,,,,-71,,
"12/1/2023, 15:31:05",,388,,,,,
"12/1/2023, 15:31:05",,,20140,,,,
"12/1/2023, 15:31:05",,,,,,,32.34
"12/1/2023, 15:31:05",,,,-488,,,
"12/1/2023, 15:31:06",,,,,,124,
"12/1/2023, 15:31:06",,,8536,,,,
"12/1/2023, 15:31:06",,,,-667,,,
"12/1/2023, 15:31:06",,492,,,,,
"12/1/2023, 15:31:06",,,,,,,32.44
"12/1/2023, 15:31:06",-1196,,,,,,
"12/1/2023, 15:31:06",,,,,15679,,
"12/1/2023, 15:31:08",,,,,,59,
"12/1/2023, 15:31:08",,,,-499,,,
"12/1/2023, 15:31:08",,,,,9,,
"12/1/2023, 15:31:08",,,4340,,,,
"12/1/2023, 15:31:08",-15916,,,,,,
"12/1/2023, 15:31:08",,,,,,,32.39
"12/1/2023, 15:31:08",,528,,,,,
"12/1/2023, 15:31:08",,460,,,,,
"12/1/2023, 15:31:08",-15892,,,,,,
"12/1/2023, 15:31:08",,,,,,,32.44
"12/1/2023, 15:31:08",,,,-489,,,
"12/1/2023, 15:31:08",,,4408,,,,
"12/1/2023, 15:31:08",,,,,-124,,
"12/1/2023, 15:31:08",,,,,,39,
"12/1/2023, 15:31:09",,,,,-69,,
"12/1/2023, 15:31:09",,,,,,,32.53
"12/1/2023, 15:31:09",,468,,,,,
"12/1/2023, 15:31:09",,,,,,60,
"12/1/2023, 15:31:09",,,,-511,,,
"12/1/2023, 15:31:09",-15908,,,,,,
"12/1/2023, 15:31:10",,,4420,,,,
"12/1/2023, 15:31:10",,,,,-58,,
"12/1/2023, 15:31:10",,,,-476,,,
"12/1/2023, 15:31:10",,,,,,,32.53
"12/1/2023, 15:31:10",-15924,,,,,,
"12/1/2023, 15:31:10",,,4416,,,,
"12/1/2023, 15:31:10",,,,,,57,
"12/1/2023, 15:31:10",,368,,,,,
"12/1/2023, 15:31:11",-15920,,,,,,
"12/1/2023, 15:31:11",,,,,-89,,
"12/1/2023, 15:31:11",,,,,,56,
"12/1/2023, 15:31:11",,,,,,,32.53
"12/1/2023, 15:31:11",,,,-503,,,
"12/1/2023, 15:31:11",,,4500,,,,
"12/1/2023, 15:31:11",,364,,,,,
"12/1/2023, 15:31:12",,,,,,53,
"12/1/2023, 15:31:12",,,,-494,,,
"12/1/2023, 15:31:12",,,,,,,32.53
"12/1/2023, 15:31:12",-15828,,,,,,
"12/1/2023, 15:31:12",,,,,-76,,
"12/1/2023, 15:31:12",,,4532,,,,
"12/1/2023, 15:31:12",,376,,,,,
"12/1/2023, 15:31:13",,,,,-47,,
"12/1/2023, 15:31:13",,,4276,,,,
"12/1/2023, 15:31:13",,,,,,,32.58
"12/1/2023, 15:31:13",,,,,,53,
"12/1/2023, 15:31:13",,484,,,,,
"12/1/2023, 15:31:13",-15868,,,,,,
"12/1/2023, 15:31:13",,,,-491,,,
"12/1/2023, 15:31:14",,,,,-73,,
"12/1/2023, 15:31:14",,,,-485,,,
"12/1/2023, 15:31:14",,,,,,53,
"12/1/2023, 15:31:14",,,,,,,32.67
"12/1/2023, 15:31:14",,452,,,,,
"12/1/2023, 15:31:14",-15876,,,,,,
"12/1/2023, 15:31:14",,,4376,,,,
"12/1/2023, 15:31:15",,,4292,,,,
"12/1/2023, 15:31:15",-15924,,,,,,
"12/1/2023, 15:31:15",,520,,,,,
"12/1/2023, 15:31:15",,,,,,44,
"12/1/2023, 15:31:15",,,,,-386,,
"12/1/2023, 15:31:15",,,,-494,,,
"12/1/2023, 15:31:15",,,,,,,32.62
"12/1/2023, 15:31:49",,,,,0,,
"12/1/2023, 15:31:50",,,,,,0,
"12/1/2023, 15:31:50",,,,,,,36.53
"12/1/2023, 15:31:50",,,0,,,,
"12/1/2023, 15:31:50",0,,,,,,
"12/1/2023, 15:31:50",,,,0,,,
"12/1/2023, 15:31:50",,0,,,,,
"12/1/2023, 15:31:50",,,,,,,32.25
"12/1/2023, 15:31:50",,296,,,,,
"12/1/2023, 15:31:50",,,,-469,,,
"12/1/2023, 15:31:50",,,19928,,,,
"12/1/2023, 15:31:50",,,,,-82,,
"12/1/2023, 15:31:50",608,,,,,,
"12/1/2023, 15:31:50",,,,,,80,
"12/1/2023, 15:31:51",,,19980,,,,
"12/1/2023, 15:31:51",,276,,,,,
"12/1/2023, 15:31:51",688,,,,,,
"12/1/2023, 15:31:51",,,,,-57,,
"12/1/2023, 15:31:51",,,,,,45,
"12/1/2023, 15:31:51",,,,-499,,,
"12/1/2023, 15:31:51",,,,,,,32.34
"12/1/2023, 15:31:52",,,19852,,,,
"12/1/2023, 15:31:52",,,,-497,,,
"12/1/2023, 15:31:52",660,,,,,,
"12/1/2023, 15:31:52",,,,,,53,
"12/1/2023, 15:31:52",,336,,,,,
"12/1/2023, 15:31:52",,,,,-59,,
"12/1/2023, 15:31:52",,,,,,,32.44
"12/1/2023, 15:31:53",,344,,,,,
"12/1/2023, 15:31:53",,,,-495,,,
"12/1/2023, 15:31:53",,,,,,42,
"12/1/2023, 15:31:53",,,19964,,,,
"12/1/2023, 15:31:53",,,,,-61,,
"12/1/2023, 15:31:53",,,,,,,32.44
"12/1/2023, 15:31:53",560,,,,,,
"12/1/2023, 15:31:54",,256,,,,,
"12/1/2023, 15:31:54",544,,,,,,
"12/1/2023, 15:31:54",,,19796,,,,
"12/1/2023, 15:31:54",,,,,,,32.62
"12/1/2023, 15:31:54",,,,-487,,,
"12/1/2023, 15:31:54",,,,,,49,
"12/1/2023, 15:31:54",,,,,-71,,
"12/1/2023, 15:31:55",,,19964,,,,
"12/1/2023, 15:31:55",604,,,,,,
"12/1/2023, 15:31:55",,428,,,,,
"12/1/2023, 15:31:55",,,,,,,32.58
"12/1/2023, 15:31:55",,,,-471,,,
"12/1/2023, 15:31:55",,,,,,66,
"12/1/2023, 15:31:55",,,,,-58,,
"12/1/2023, 15:31:56",,348,,,,,
"12/1/2023, 15:31:56",,,,,,,32.44
"12/1/2023, 15:31:56",,,,-496,,,
"12/1/2023, 15:31:56",828,,,,,,
"12/1/2023, 15:31:56",,,,,,42,
"12/1/2023, 15:31:56",,,20028,,,,
"12/1/2023, 15:31:56",,,,,-69,,
"12/1/2023, 15:31:57",,320,,,,,
"12/1/2023, 15:31:57",,,,,-80,,
"12/1/2023, 15:31:57",,,,,,62,
"12/1/2023, 15:31:57",,,,,,,32.53
"12/1/2023, 15:31:57",,,,-496,,,
"12/1/2023, 15:31:57",584,,,,,,
"12/1/2023, 15:31:57",,,20016,,,,
"12/1/2023, 15:31:58",,,,,-103,,
"12/1/2023, 15:31:58",,,,,,64,
"12/1/2023, 15:31:58",,,20040,,,,
"12/1/2023, 15:31:58",,244,,,,,
"12/1/2023, 15:31:58",,,,,,,32.58
"12/1/2023, 15:31:58",548,,,,,,
"12/1/2023, 15:31:58",,,,-484,,,
"12/1/2023, 15:31:59",620,,,,,,
"12/1/2023, 15:31:59",,,,,-86,,
"12/1/2023, 15:31:59",,,19964,,,,
"12/1/2023, 15:31:59",,,,,,64,
"12/1/2023, 15:31:59",,,,-482,,,
"12/1/2023, 15:31:59",,,,,,,32.62
"12/1/2023, 15:31:59",,336,,,,,
"12/1/2023, 15:32:00",,,,,,,32.53
"12/1/2023, 15:32:00",,,,,-77,,
"12/1/2023, 15:32:00",,,20152,,,,
"12/1/2023, 15:32:00",,,,-495,,,
"12/1/2023, 15:32:00",,268,,,,,
"12/1/2023, 15:32:00",608,,,,,,
"12/1/2023, 15:32:00",,,,,,70,
"12/1/2023, 15:32:01",,,,,-96,,
"12/1/2023, 15:32:01",,,,,,,32.62
"12/1/2023, 15:32:01",568,,,,,,
"12/1/2023, 15:32:01",,388,,,,,
"12/1/2023, 15:32:01",,,,,,49,
"12/1/2023, 15:32:01",,,20044,,,,
"12/1/2023, 15:32:01",,,,-490,,,
"12/1/2023, 15:32:02",,,,,2304,,
"12/1/2023, 15:32:02",,,,,,,32.72
"12/1/2023, 15:32:02",,,,-106,,,
"12/1/2023, 15:32:02",,,15868,,,,
"12/1/2023, 15:32:02",,-280,,,,,
"12/1/2023, 15:32:02",4388,,,,,,
"12/1/2023, 15:32:02",,,,,,296,
"12/1/2023, 15:32:03",,,,,,-81,
"12/1/2023, 15:32:03",,,,,,,32.67
"12/1/2023, 15:32:03",,,,-511,,,
"12/1/2023, 15:32:03",,,1840,,,,
"12/1/2023, 15:32:03",,,,,1081,,
"12/1/2023, 15:32:04",-13828,,,,,,
"12/1/2023, 15:32:04",,524,,,,,
"12/1/2023, 15:32:05",,,,,-584,,
"12/1/2023, 15:32:05",,,3848,,,,
"12/1/2023, 15:32:05",,1184,,,,,
"12/1/2023, 15:32:05",,,,,,,32.62
"12/1/2023, 15:32:05",,,,-489,,,
"12/1/2023, 15:32:05",-16128,,,,,,
"12/1/2023, 15:32:05",,,,,,77,
"12/1/2023, 15:32:05",,,,,,58,
"12/1/2023, 15:32:05",,,,,-122,,
"12/1/2023, 15:32:05",-15928,,,,,,
"12/1/2023, 15:32:05",,,4376,,,,
"12/1/2023, 15:32:05",,,,-492,,,
"12/1/2023, 15:32:05",,352,,,,,
"12/1/2023, 15:32:05",,,,,,,32.77
"12/1/2023, 15:32:06",,380,,,,,
"12/1/2023, 15:32:06",,,,,,,32.67
"12/1/2023, 15:32:06",-15860,,,,,,
"12/1/2023, 15:32:06",,,4420,,,,
"12/1/2023, 15:32:06",,,,-478,,,
"12/1/2023, 15:32:06",,,,,-53,,
"12/1/2023, 15:32:06",,,,,,82,
"12/1/2023, 15:32:07",,432,,,,,
"12/1/2023, 15:32:07",,,,-510,,,
"12/1/2023, 15:32:08",,,,,,42,
"12/1/2023, 15:32:07",-15832,,,,,,
"12/1/2023, 15:32:08",,,,,,,32.72
"12/1/2023, 15:32:07",,,4324,,,,
"12/1/2023, 15:32:08",,,,,-52,,
"12/1/2023, 15:32:08",,,4332,,,,
"12/1/2023, 15:32:08",,,,,-87,,
"12/1/2023, 15:32:08",,,,,,18,
"12/1/2023, 15:32:08",,,,,,,32.81
"12/1/2023, 15:32:08",,,,-486,,,
"12/1/2023, 15:32:08",-15848,,,,,,
"12/1/2023, 15:32:08",,396,,,,,
"12/1/2023, 15:32:09",,,4272,,,,
"12/1/2023, 15:32:09",,,,,-71,,
"12/1/2023, 15:32:09",-15868,,,,,,
"12/1/2023, 15:32:09",,,,-468,,,
"12/1/2023, 15:32:09",,,,,,60,
"12/1/2023, 15:32:09",,396,,,,,
"12/1/2023, 15:32:09",,,,,,,32.72
"12/1/2023, 15:32:10",,432,,,,,
"12/1/2023, 15:32:10",,,4440,,,,
"12/1/2023, 15:32:10",,,,,,,32.72
"12/1/2023, 15:32:10",,,,,,37,
"12/1/2023, 15:32:10",-15864,,,,,,
"12/1/2023, 15:32:10",,,,-468,,,
"12/1/2023, 15:32:10",,,,,-88,,
"12/1/2023, 15:32:11",,,,,,54,
"12/1/2023, 15:32:11",,,4224,,,,
"12/1/2023, 15:32:11",,,,-500,,,
"12/1/2023, 15:32:11",-15828,,,,,,
"12/1/2023, 15:32:11",,,,,25,,
"12/1/2023, 15:32:11",,424,,,,,
"12/1/2023, 15:32:11",,,,,,,32.91
"12/1/2023, 15:32:12",,,,,-158,,
"12/1/2023, 15:32:12",,,,,,49,
"12/1/2023, 15:32:12",,,,-498,,,
"12/1/2023, 15:32:12",,,,,,,32.81
"12/1/2023, 15:32:12",,528,,,,,
"12/1/2023, 15:32:12",-15660,,,,,,
"12/1/2023, 15:32:12",,,3916,,,,
"12/1/2023, 15:32:47",,,,,0,,
"12/1/2023, 15:32:47",,,,,,0,
"12/1/2023, 15:32:47",,,0,,,,
"12/1/2023, 15:32:47",,,,0,,,
"12/1/2023, 15:32:47",0,,,,,,
"12/1/2023, 15:32:47",,,,,,,36.53
"12/1/2023, 15:32:47",,0,,,,,
"12/1/2023, 15:32:48",,,,,-70,,
"12/1/2023, 15:32:48",,,,-491,,,
"12/1/2023, 15:32:48",,404,,,,,
"12/1/2023, 15:32:48",,,,,,58,
"12/1/2023, 15:32:48",,,20068,,,,
"12/1/2023, 15:32:48",568,,,,,,
"12/1/2023, 15:32:48",,,,,,,32.44
"12/1/2023, 15:32:49",,,,-490,,,
"12/1/2023, 15:32:49",,,,,,,32.48
"12/1/2023, 15:32:49",,,,,,50,
"12/1/2023, 15:32:49",,,20064,,,,
"12/1/2023, 15:32:49",,244,,,,,
"12/1/2023, 15:32:49",,,,,-37,,
"12/1/2023, 15:32:49",568,,,,,,
"12/1/2023, 15:32:50",,,19888,,,,
"12/1/2023, 15:32:50",,,,,,48,
"12/1/2023, 15:32:50",,,,,,,32.53
"12/1/2023, 15:32:50",,,,-486,,,
"12/1/2023, 15:32:50",708,,,,,,
"12/1/2023, 15:32:50",,360,,,,,
"12/1/2023, 15:32:50",,,,,-86,,
"12/1/2023, 15:32:51",,,19992,,,,
"12/1/2023, 15:32:51",,,,,-71,,
"12/1/2023, 15:32:51",,,,-486,,,
"12/1/2023, 15:32:51",,,,,,,32.53
"12/1/2023, 15:32:51",,,,,,55,
"12/1/2023, 15:32:51",688,,,,,,
"12/1/2023, 15:32:51",,352,,,,,
"12/1/2023, 15:32:52",,,,,,74,
"12/1/2023, 15:32:52",,,,,-73,,
"12/1/2023, 15:32:52",,,,,,,32.58
"12/1/2023, 15:32:52",,,19940,,,,
"12/1/2023, 15:32:52",568,,,,,,
"12/1/2023, 15:32:52",,336,,,,,
"12/1/2023, 15:32:52",,,,-474,,,
"12/1/2023, 15:32:53",,416,,,,,
"12/1/2023, 15:32:53",,,,,-72,,
"12/1/2023, 15:32:53",,,,,,37,
"12/1/2023, 15:32:53",,,,-496,,,
"12/1/2023, 15:32:53",532,,,,,,
"12/1/2023, 15:32:53",,,19936,,,,
"12/1/2023, 15:32:53",,,,,,,32.62
"12/1/2023, 15:32:54",,,,-499,,,
"12/1/2023, 15:32:54",,,,,,57,
"12/1/2023, 15:32:54",536,,,,,,
"12/1/2023, 15:32:54",,,,,,,32.62
"12/1/2023, 15:32:54",,,,,-73,,
"12/1/2023, 15:32:54",,292,,,,,
"12/1/2023, 15:32:54",,,20128,,,,
"12/1/2023, 15:32:55",,,19852,,,,
"12/1/2023, 15:32:55",,,,,,,32.58
"12/1/2023, 15:32:55",,,,,,35,
"12/1/2023, 15:32:55",,,,,-57,,
"12/1/2023, 15:32:55",,304,,,,,
"12/1/2023, 15:32:55",680,,,,,,
"12/1/2023, 15:32:55",,,,-492,,,
"12/1/2023, 15:32:56",,,,-485,,,
"12/1/2023, 15:32:56",,336,,,,,
"12/1/2023, 15:32:56",576,,,,,,
"12/1/2023, 15:32:56",,,,,,,32.62
"12/1/2023, 15:32:56",,,,,,72,
"12/1/2023, 15:32:56",,,19920,,,,
"12/1/2023, 15:32:56",,,,,-37,,
"12/1/2023, 15:32:57",,,,-491,,,
"12/1/2023, 15:32:57",,,,,,39,
"12/1/2023, 15:32:57",520,,,,,,
"12/1/2023, 15:32:57",,,19920,,,,
"12/1/2023, 15:32:57",,,,,-67,,
"12/1/2023, 15:32:57",,,,,,,32.77
"12/1/2023, 15:32:57",,256,,,,,
"12/1/2023, 15:32:58",,,,,-62,,
"12/1/2023, 15:32:58",644,,,,,,
"12/1/2023, 15:32:58",,,19988,,,,
"12/1/2023, 15:32:58",,,,,,56,
"12/1/2023, 15:32:58",,,,-502,,,
"12/1/2023, 15:32:58",,456,,,,,
"12/1/2023, 15:32:58",,,,,,,32.77
"12/1/2023, 15:32:58",,524,,,,,
"12/1/2023, 15:32:58",,,21524,,,,
"12/1/2023, 15:32:58",,,,-459,,,
"12/1/2023, 15:32:59",,,,,,-1788,
"12/1/2023, 15:32:59",-1828,,,,,,
"12/1/2023, 15:32:58",,,,,,,32.72
"12/1/2023, 15:32:59",,,,,5430,,
"12/1/2023, 15:33:00",,,7556,,,,
"12/1/2023, 15:33:00",-16244,,,,,,
"12/1/2023, 15:33:00",,,,,,634,
"12/1/2023, 15:33:00",,,,,,,32.86
"12/1/2023, 15:33:00",,,,-2268,,,
"12/1/2023, 15:33:00",,248,,,,,
"12/1/2023, 15:33:00",,,,,10985,,
"12/1/2023, 15:33:01",,504,,,,,
"12/1/2023, 15:33:01",,,,,,28,
"12/1/2023, 15:33:01",,,4240,,,,
"12/1/2023, 15:33:01",,,,-507,,,
"12/1/2023, 15:33:01",,,,,-391,,
"12/1/2023, 15:33:01",,,,,,,32.86
"12/1/2023, 15:33:01",-15868,,,,,,
"12/1/2023, 15:33:02",-15908,,,,,,
"12/1/2023, 15:33:02",,,4336,,,,
"12/1/2023, 15:33:02",,496,,,,,
"12/1/2023, 15:33:02",,,,,,,32.81
"12/1/2023, 15:33:02",,,,,-184,,
"12/1/2023, 15:33:02",,,,-489,,,
"12/1/2023, 15:33:02",,,,,,81,
"12/1/2023, 15:33:03",,,,,,,32.81
"12/1/2023, 15:33:03",,,4404,,,,
"12/1/2023, 15:33:03",,,,-494,,,
"12/1/2023, 15:33:03",-15864,,,,,,
"12/1/2023, 15:33:03",,,,,-91,,
"12/1/2023, 15:33:03",,388,,,,,
"12/1/2023, 15:33:03",,,,,,47,
"12/1/2023, 15:33:04",-15908,,,,,,
"12/1/2023, 15:33:04",,480,,,,,
"12/1/2023, 15:33:04",,,,,,,32.91
"12/1/2023, 15:33:04",,,,-498,,,
"12/1/2023, 15:33:04",,,4496,,,,
"12/1/2023, 15:33:04",,,,,-59,,
"12/1/2023, 15:33:04",,,,,,76,
"12/1/2023, 15:33:05",,,4136,,,,
"12/1/2023, 15:33:05",-15104,,,,,,
"12/1/2023, 15:33:05",,,,,-13,,
"12/1/2023, 15:33:05",,404,,,,,
"12/1/2023, 15:33:05",,,,-490,,,
"12/1/2023, 15:33:05",,,,,,,32.77
"12/1/2023, 15:33:05",,,,,,110,
"12/1/2023, 15:33:06",,,4296,,,,
"12/1/2023, 15:33:06",,,,,,,32.91
"12/1/2023, 15:33:06",,360,,,,,
"12/1/2023, 15:33:06",,,,,,36,
"12/1/2023, 15:33:06",-15884,,,,,,
"12/1/2023, 15:33:06",,,,,-41,,
"12/1/2023, 15:33:06",,,,-490,,,
"12/1/2023, 15:33:07",,,,,,37,
"12/1/2023, 15:33:07",,408,,,,,
"12/1/2023, 15:33:07",,,,,,,32.81
"12/1/2023, 15:33:07",,,4044,,,,
"12/1/2023, 15:33:07",,,,-483,,,
"12/1/2023, 15:33:07",-15948,,,,,,
"12/1/2023, 15:33:07",,,,,20,,
"12/1/2023, 15:33:08",,,4024,,,,
"12/1/2023, 15:33:08",,,,-502,,,
"12/1/2023, 15:33:08",,,,,,,32.91
"12/1/2023, 15:33:08",-15744,,,,,,
"12/1/2023, 15:33:08",,,,,-118,,
"12/1/2023, 15:33:08",,,,,,47,
"12/1/2023, 15:33:08",,192,,,,,
"12/1/2023, 15:33:31",,,,,,0,
"12/1/2023, 15:33:31",,0,,,,,
"12/1/2023, 15:33:31",,,,,,,36.53
"12/1/2023, 15:33:31",,,0,,,,
"12/1/2023, 15:33:31",0,,,,,,
"12/1/2023, 15:33:31",,,,0,,,
"12/1/2023, 15:33:31",,,,,0,,
"12/1/2023, 15:33:32",732,,,,,,
"12/1/2023, 15:33:32",,,,,-53,,
"12/1/2023, 15:33:32",,,19864,,,,
"12/1/2023, 15:33:32",,288,,,,,
"12/1/2023, 15:33:32",,,,,,,32.62
"12/1/2023, 15:33:32",,,,,,57,
"12/1/2023, 15:33:32",,,,-498,,,
"12/1/2023, 15:33:32",,,,-503,,,
"12/1/2023, 15:33:32",,,,,,,32.72
"12/1/2023, 15:33:32",,288,,,,,
"12/1/2023, 15:33:32",616,,,,,,
"12/1/2023, 15:33:32",,,20032,,,,
"12/1/2023, 15:33:32",,,,,-42,,
"12/1/2023, 15:33:32",,,,,,56,
"12/1/2023, 15:33:33",,,,-499,,,
"12/1/2023, 15:33:33",,,,,,,32.81
"12/1/2023, 15:33:33",,376,,,,,
"12/1/2023, 15:33:33",,,,,-77,,
"12/1/2023, 15:33:33",684,,,,,,
"12/1/2023, 15:33:33",,,20008,,,,
"12/1/2023, 15:33:33",,,,,,55,
"12/1/2023, 15:33:35",,,,,,,32.81
"12/1/2023, 15:33:35",,,19976,,,,
"12/1/2023, 15:33:35",,,,,,30,
"12/1/2023, 15:33:35",588,,,,,,
"12/1/2023, 15:33:35",,,,-493,,,
"12/1/2023, 15:33:35",,384,,,,,
"12/1/2023, 15:33:35",,,,,-64,,
"12/1/2023, 15:33:35",696,,,,,,
"12/1/2023, 15:33:35",,,,-487,,,
"12/1/2023, 15:33:35",,,,,,56,
"12/1/2023, 15:33:35",,,19908,,,,
"12/1/2023, 15:33:35",,,,,,,32.86
"12/1/2023, 15:33:35",,440,,,,,
"12/1/2023, 15:33:35",,,,,-82,,
"12/1/2023, 15:33:36",,,19936,,,,
"12/1/2023, 15:33:36",,,,,-64,,
"12/1/2023, 15:33:36",,336,,,,,
"12/1/2023, 15:33:36",,,,,,54,
"12/1/2023, 15:33:36",,,,,,,32.86
"12/1/2023, 15:33:36",,,,-479,,,
"12/1/2023, 15:33:37",664,,,,,,
"12/1/2023, 15:33:37",,,,,,53,
"12/1/2023, 15:33:37",628,,,,,,
"12/1/2023, 15:33:37",,,19876,,,,
"12/1/2023, 15:33:37",,,,,,,32.81
"12/1/2023, 15:33:37",,,,-491,,,
"12/1/2023, 15:33:37",,,,,-61,,
"12/1/2023, 15:33:37",,320,,,,,
"12/1/2023, 15:33:38",,,,,-61,,
"12/1/2023, 15:33:38",,,19928,,,,
"12/1/2023, 15:33:38",,,,-474,,,
"12/1/2023, 15:33:38",,,,,,58,
"12/1/2023, 15:33:38",,284,,,,,
"12/1/2023, 15:33:38",,,,,,,32.81
"12/1/2023, 15:33:38",580,,,,,,
"12/1/2023, 15:33:39",636,,,,,,
"12/1/2023, 15:33:39",,,,-507,,,
"12/1/2023, 15:33:39",,,,,-55,,
"12/1/2023, 15:33:39",,,,,,46,
"12/1/2023, 15:33:39",,,,,,,32.86
"12/1/2023, 15:33:40",,,19920,,,,
"12/1/2023, 15:33:40",,352,,,,,
"12/1/2023, 15:33:40",,,,-1024,,,
"12/1/2023, 15:33:40",-1304,,,,,,
"12/1/2023, 15:33:40",,700,,,,,
"12/1/2023, 15:33:40",,,,,,10,
"12/1/2023, 15:33:40",,,,,-1426,,
"12/1/2023, 15:33:40",,,20564,,,,
"12/1/2023, 15:33:40",,,,,,,32.95
"12/1/2023, 15:33:41",,,,,,,32.91
"12/1/2023, 15:33:41",-14396,,,,,,
"12/1/2023, 15:33:41",,,,,,321,
"12/1/2023, 15:33:41",,,,-695,,,
"12/1/2023, 15:33:41",,428,,,,,
"12/1/2023, 15:33:41",,,,,9506,,
"12/1/2023, 15:33:41",,,9552,,,,
"12/1/2023, 15:33:42",,,,,-271,,
"12/1/2023, 15:33:42",,216,,,,,
"12/1/2023, 15:33:42",,,,,,67,
"12/1/2023, 15:33:42",,,,,,,33
"12/1/2023, 15:33:42",,,,-486,,,
"12/1/2023, 15:33:42",,,6200,,,,
"12/1/2023, 15:33:42",-16204,,,,,,
"12/1/2023, 15:33:43",,,,,,66,
"12/1/2023, 15:33:43",,,,-490,,,
"12/1/2023, 15:33:43",,448,,,,,
"12/1/2023, 15:33:43",-15900,,,,,,
"12/1/2023, 15:33:43",,,,,,,32.91
"12/1/2023, 15:33:43",,,4408,,,,
"12/1/2023, 15:33:43",,,,,-92,,
"12/1/2023, 15:33:44",-15728,,,,,,
"12/1/2023, 15:33:44",,,,-512,,,
"12/1/2023, 15:33:44",,,,,-60,,
"12/1/2023, 15:33:44",,,4456,,,,
"12/1/2023, 15:33:44",,,,,,,33
"12/1/2023, 15:33:44",,,,,,78,
"12/1/2023, 15:33:44",,472,,,,,
"12/1/2023, 15:33:46",-16020,,,,,,
"12/1/2023, 15:33:46",,,,,,62,
"12/1/2023, 15:33:46",,404,,,,,
"12/1/2023, 15:33:46",,,,,,,32.95
"12/1/2023, 15:33:46",,,4536,,,,
"12/1/2023, 15:33:46",,,,-497,,,
"12/1/2023, 15:33:46",,,,,-79,,
"12/1/2023, 15:33:46",-15924,,,,,,
"12/1/2023, 15:33:46",,,,,,41,
"12/1/2023, 15:33:46",,468,,,,,
"12/1/2023, 15:33:46",,,,,,,32.86
"12/1/2023, 15:33:46",,,,,-76,,
"12/1/2023, 15:33:46",,,4244,,,,
"12/1/2023, 15:33:47",,,,-475,,,
"12/1/2023, 15:33:47",,,,,-19,,
"12/1/2023, 15:33:47",,,,,,,33.09
"12/1/2023, 15:33:47",,,,,,49,
"12/1/2023, 15:33:47",,,,-491,,,
"12/1/2023, 15:33:47",-15796,,,,,,
"12/1/2023, 15:33:47",,424,,,,,
"12/1/2023, 15:33:47",,,4352,,,,
"12/1/2023, 15:33:49",,,,,,50,
"12/1/2023, 15:33:49",,,,,,,33.05
"12/1/2023, 15:33:49",,,,-491,,,
"12/1/2023, 15:33:49",,,4336,,,,
"12/1/2023, 15:33:49",-15828,,,,,,
"12/1/2023, 15:33:49",,408,,,,,
"12/1/2023, 15:33:49",,,,,-61,,
"12/1/2023, 15:33:49",,,4820,,,,
"12/1/2023, 15:33:49",,376,,,,,
"12/1/2023, 15:33:49",,,,,,,33
"12/1/2023, 15:33:49",-15556,,,,,,
"12/1/2023, 15:33:49",,,,,-115,,
"12/1/2023, 15:33:49",,,,,,49,
"12/1/2023, 15:33:49",,,,-689,,,
"12/1/2023, 15:33:50",,,20200,,,,
"12/1/2023, 15:33:50",,,,,,352,
"12/1/2023, 15:33:50",,,,,-8261,,
"12/1/2023, 15:33:50",,-228,,,,,
"12/1/2023, 15:33:50",,,,,,,33
"12/1/2023, 15:33:50",-3648,,,,,,
"12/1/2023, 15:33:50",,,,-618,,,